model	loader	kind	cache_mode	metric	value	status
Qwen/Qwen3-0.6B	native	load_only	warm	init_ms	56874.155567999995	OK
Qwen/Qwen3-0.6B	native	ttft	warm	init_ms	18877.98201299995	OK
Qwen/Qwen3-0.6B	native	ttft	warm	first_token_ms	10.184310999989066	OK
Qwen/Qwen3-0.6B	native	ttft	warm	ttft_ms	18888.16632399994	OK
Qwen/Qwen3-0.6B	native	steady_state_decode	warm	init_ms	18703.87353700005	OK
Qwen/Qwen3-0.6B	native	steady_state_decode	warm	decode_avg_ms	17.54244999997354	OK
Qwen/Qwen3-0.6B	native	steady_state_decode	warm	decode_min_ms	17.444938999915394	OK
Qwen/Qwen3-0.6B	native	steady_state_decode	warm	decode_max_ms	17.681566999954157	OK
Qwen/Qwen3-0.6B	ts_safetensors_default	load_only	warm	init_ms	18274.305552999976	OK
Qwen/Qwen3-0.6B	ts_safetensors_default	ttft	warm	init_ms	18161.459981999997	OK
Qwen/Qwen3-0.6B	ts_safetensors_default	ttft	warm	first_token_ms	10.056702000042606	OK
Qwen/Qwen3-0.6B	ts_safetensors_default	ttft	warm	ttft_ms	18171.51668400004	OK
Qwen/Qwen3-0.6B	ts_safetensors_default	steady_state_decode	warm	init_ms	18325.17219299996	OK
Qwen/Qwen3-0.6B	ts_safetensors_default	steady_state_decode	warm	decode_avg_ms	17.41552920002505	OK
Qwen/Qwen3-0.6B	ts_safetensors_default	steady_state_decode	warm	decode_min_ms	17.229584999995495	OK
Qwen/Qwen3-0.6B	ts_safetensors_default	steady_state_decode	warm	decode_max_ms	17.721033000043462	OK
Qwen/Qwen3-0.6B	ts_safetensors_sync	load_only	warm	init_ms	18223.336478999954	OK
Qwen/Qwen3-0.6B	ts_safetensors_sync	ttft	warm	init_ms	18219.056799999977	OK
Qwen/Qwen3-0.6B	ts_safetensors_sync	ttft	warm	first_token_ms	9.964936000073976	OK
Qwen/Qwen3-0.6B	ts_safetensors_sync	ttft	warm	ttft_ms	18229.02173600005	OK
Qwen/Qwen3-0.6B	ts_safetensors_sync	steady_state_decode	warm	init_ms	18073.217083000032	OK
Qwen/Qwen3-0.6B	ts_safetensors_sync	steady_state_decode	warm	decode_avg_ms	17.452078000019355	OK
Qwen/Qwen3-0.6B	ts_safetensors_sync	steady_state_decode	warm	decode_min_ms	17.30964600005791	OK
Qwen/Qwen3-0.6B	ts_safetensors_sync	steady_state_decode	warm	decode_max_ms	17.644330000052832	OK
Qwen/Qwen3-0.6B	ts_safetensors_io_uring	load_only	warm	init_ms	18929.91707500005	OK
Qwen/Qwen3-0.6B	ts_safetensors_io_uring	ttft	warm	init_ms	18974.389371999903	OK
Qwen/Qwen3-0.6B	ts_safetensors_io_uring	ttft	warm	first_token_ms	10.021563999998762	OK
Qwen/Qwen3-0.6B	ts_safetensors_io_uring	ttft	warm	ttft_ms	18984.410935999902	OK
Qwen/Qwen3-0.6B	ts_safetensors_io_uring	steady_state_decode	warm	init_ms	18834.083964	OK
Qwen/Qwen3-0.6B	ts_safetensors_io_uring	steady_state_decode	warm	decode_avg_ms	17.45393060002698	OK
Qwen/Qwen3-0.6B	ts_safetensors_io_uring	steady_state_decode	warm	decode_min_ms	17.343349000043418	OK
Qwen/Qwen3-0.6B	ts_safetensors_io_uring	steady_state_decode	warm	decode_max_ms	17.622775000063484	OK
Qwen/Qwen3-0.6B	ts_serverlessllm_default	load_only	warm	init_ms	21034.677910000028	OK
Qwen/Qwen3-0.6B	ts_serverlessllm_default	ttft	warm	init_ms	19319.436794000012	OK
Qwen/Qwen3-0.6B	ts_serverlessllm_default	ttft	warm	first_token_ms	10.022869999943396	OK
Qwen/Qwen3-0.6B	ts_serverlessllm_default	ttft	warm	ttft_ms	19329.459663999955	OK
Qwen/Qwen3-0.6B	ts_serverlessllm_default	steady_state_decode	warm	init_ms	19527.960437000045	OK
Qwen/Qwen3-0.6B	ts_serverlessllm_default	steady_state_decode	warm	decode_avg_ms	17.43236520001119	OK
Qwen/Qwen3-0.6B	ts_serverlessllm_default	steady_state_decode	warm	decode_min_ms	17.288661000065986	OK
Qwen/Qwen3-0.6B	ts_serverlessllm_default	steady_state_decode	warm	decode_max_ms	17.827929999953085	OK
Qwen/Qwen3-0.6B	ts_serverlessllm_sync	load_only	warm	init_ms	20358.614659999945	OK
Qwen/Qwen3-0.6B	ts_serverlessllm_sync	ttft	warm	init_ms	20697.560906000035	OK
Qwen/Qwen3-0.6B	ts_serverlessllm_sync	ttft	warm	first_token_ms	10.08819800006222	OK
Qwen/Qwen3-0.6B	ts_serverlessllm_sync	ttft	warm	ttft_ms	20707.6491040001	OK
Qwen/Qwen3-0.6B	ts_serverlessllm_sync	steady_state_decode	warm	init_ms	20256.92389900007	OK
Qwen/Qwen3-0.6B	ts_serverlessllm_sync	steady_state_decode	warm	decode_avg_ms	17.352714200001174	OK
Qwen/Qwen3-0.6B	ts_serverlessllm_sync	steady_state_decode	warm	decode_min_ms	17.146626999988257	OK
Qwen/Qwen3-0.6B	ts_serverlessllm_sync	steady_state_decode	warm	decode_max_ms	17.56965999993554	OK
Qwen/Qwen3-0.6B	ts_serverlessllm_io_uring	load_only	warm	init_ms	19670.997565000107	OK
Qwen/Qwen3-0.6B	ts_serverlessllm_io_uring	ttft	warm	init_ms	19386.362522000127	OK
Qwen/Qwen3-0.6B	ts_serverlessllm_io_uring	ttft	warm	first_token_ms	9.972491999860722	OK
Qwen/Qwen3-0.6B	ts_serverlessllm_io_uring	ttft	warm	ttft_ms	19396.33501399999	OK
Qwen/Qwen3-0.6B	ts_serverlessllm_io_uring	steady_state_decode	warm	init_ms	19503.952939999865	OK
Qwen/Qwen3-0.6B	ts_serverlessllm_io_uring	steady_state_decode	warm	decode_avg_ms	17.342846400015333	OK
Qwen/Qwen3-0.6B	ts_serverlessllm_io_uring	steady_state_decode	warm	decode_min_ms	17.201011999986804	OK
Qwen/Qwen3-0.6B	ts_serverlessllm_io_uring	steady_state_decode	warm	decode_max_ms	17.537784999831274	OK
Qwen/Qwen3-0.6B	native	load_only	cold	init_ms	23659.497558999872	OK
Qwen/Qwen3-0.6B	native	ttft	cold	init_ms	22438.009699000075	OK
Qwen/Qwen3-0.6B	native	ttft	cold	first_token_ms	15.948610000123153	OK
Qwen/Qwen3-0.6B	native	ttft	cold	ttft_ms	22453.958309000198	OK
Qwen/Qwen3-0.6B	native	steady_state_decode	cold	init_ms	22369.82467199982	OK
Qwen/Qwen3-0.6B	native	steady_state_decode	cold	decode_avg_ms	17.211605399961627	OK
Qwen/Qwen3-0.6B	native	steady_state_decode	cold	decode_min_ms	17.086300000073606	OK
Qwen/Qwen3-0.6B	native	steady_state_decode	cold	decode_max_ms	17.53440499987846	OK
Qwen/Qwen3-0.6B	ts_safetensors_default	load_only	cold	init_ms	20577.936732999886	OK
Qwen/Qwen3-0.6B	ts_safetensors_default	ttft	cold	init_ms	20301.180081999973	OK
Qwen/Qwen3-0.6B	ts_safetensors_default	ttft	cold	first_token_ms	14.498755999966306	OK
Qwen/Qwen3-0.6B	ts_safetensors_default	ttft	cold	ttft_ms	20315.67883799994	OK
Qwen/Qwen3-0.6B	ts_safetensors_default	steady_state_decode	cold	init_ms	20087.376964999974	OK
Qwen/Qwen3-0.6B	ts_safetensors_default	steady_state_decode	cold	decode_avg_ms	17.427330400005303	OK
Qwen/Qwen3-0.6B	ts_safetensors_default	steady_state_decode	cold	decode_min_ms	17.261828000073365	OK
Qwen/Qwen3-0.6B	ts_safetensors_default	steady_state_decode	cold	decode_max_ms	17.79551499998888	OK
Qwen/Qwen3-0.6B	ts_safetensors_sync	load_only	cold	init_ms	20417.418482999892	OK
Qwen/Qwen3-0.6B	ts_safetensors_sync	ttft	cold	init_ms	20258.16865799993	OK
Qwen/Qwen3-0.6B	ts_safetensors_sync	ttft	cold	first_token_ms	14.433549999921524	OK
Qwen/Qwen3-0.6B	ts_safetensors_sync	ttft	cold	ttft_ms	20272.60220799985	OK
Qwen/Qwen3-0.6B	ts_safetensors_sync	steady_state_decode	cold	init_ms	20241.410807999957	OK
Qwen/Qwen3-0.6B	ts_safetensors_sync	steady_state_decode	cold	decode_avg_ms	17.47557680000682	OK
Qwen/Qwen3-0.6B	ts_safetensors_sync	steady_state_decode	cold	decode_min_ms	17.328904000123657	OK
Qwen/Qwen3-0.6B	ts_safetensors_sync	steady_state_decode	cold	decode_max_ms	17.67608399995879	OK
Qwen/Qwen3-0.6B	ts_safetensors_io_uring	load_only	cold	init_ms	20867.136762999962	OK
Qwen/Qwen3-0.6B	ts_safetensors_io_uring	ttft	cold	init_ms	21101.12234999997	OK
Qwen/Qwen3-0.6B	ts_safetensors_io_uring	ttft	cold	first_token_ms	14.481995000096504	OK
Qwen/Qwen3-0.6B	ts_safetensors_io_uring	ttft	cold	ttft_ms	21115.604345000065	OK
Qwen/Qwen3-0.6B	ts_safetensors_io_uring	steady_state_decode	cold	init_ms	21148.028428999853	OK
Qwen/Qwen3-0.6B	ts_safetensors_io_uring	steady_state_decode	cold	decode_avg_ms	17.75008439994963	OK
Qwen/Qwen3-0.6B	ts_safetensors_io_uring	steady_state_decode	cold	decode_min_ms	17.619863999925656	OK
Qwen/Qwen3-0.6B	ts_safetensors_io_uring	steady_state_decode	cold	decode_max_ms	17.93036599997322	OK
Qwen/Qwen3-0.6B	ts_serverlessllm_default	load_only	cold	init_ms	21649.207043999922	OK
Qwen/Qwen3-0.6B	ts_serverlessllm_default	ttft	cold	init_ms	21158.183925000005	OK
Qwen/Qwen3-0.6B	ts_serverlessllm_default	ttft	cold	first_token_ms	15.010364999852754	OK
Qwen/Qwen3-0.6B	ts_serverlessllm_default	ttft	cold	ttft_ms	21173.194289999858	OK
Qwen/Qwen3-0.6B	ts_serverlessllm_default	steady_state_decode	cold	init_ms	21245.63103399987	OK
Qwen/Qwen3-0.6B	ts_serverlessllm_default	steady_state_decode	cold	decode_avg_ms	17.384107799944104	OK
Qwen/Qwen3-0.6B	ts_serverlessllm_default	steady_state_decode	cold	decode_min_ms	17.229920999852766	OK
Qwen/Qwen3-0.6B	ts_serverlessllm_default	steady_state_decode	cold	decode_max_ms	17.673042000069472	OK
Qwen/Qwen3-0.6B	ts_serverlessllm_sync	load_only	cold	init_ms	21191.06463200001	OK
Qwen/Qwen3-0.6B	ts_serverlessllm_sync	ttft	cold	init_ms	21555.78357099989	OK
Qwen/Qwen3-0.6B	ts_serverlessllm_sync	ttft	cold	first_token_ms	14.299450999942565	OK
Qwen/Qwen3-0.6B	ts_serverlessllm_sync	ttft	cold	ttft_ms	21570.08302199983	OK
Qwen/Qwen3-0.6B	ts_serverlessllm_sync	steady_state_decode	cold	init_ms	21382.871555999827	OK
Qwen/Qwen3-0.6B	ts_serverlessllm_sync	steady_state_decode	cold	decode_avg_ms	17.3370531999808	OK
Qwen/Qwen3-0.6B	ts_serverlessllm_sync	steady_state_decode	cold	decode_min_ms	17.212902999972357	OK
Qwen/Qwen3-0.6B	ts_serverlessllm_sync	steady_state_decode	cold	decode_max_ms	17.619578999983787	OK
Qwen/Qwen3-0.6B	ts_serverlessllm_io_uring	load_only	cold	init_ms	21262.048653999955	OK
Qwen/Qwen3-0.6B	ts_serverlessllm_io_uring	ttft	cold	init_ms	21418.95985799988	OK
Qwen/Qwen3-0.6B	ts_serverlessllm_io_uring	ttft	cold	first_token_ms	15.187616000048365	OK
Qwen/Qwen3-0.6B	ts_serverlessllm_io_uring	ttft	cold	ttft_ms	21434.147473999925	OK
Qwen/Qwen3-0.6B	ts_serverlessllm_io_uring	steady_state_decode	cold	init_ms	21225.701941999887	OK
Qwen/Qwen3-0.6B	ts_serverlessllm_io_uring	steady_state_decode	cold	decode_avg_ms	17.326913399983823	OK
Qwen/Qwen3-0.6B	ts_serverlessllm_io_uring	steady_state_decode	cold	decode_min_ms	17.21050399987689	OK
Qwen/Qwen3-0.6B	ts_serverlessllm_io_uring	steady_state_decode	cold	decode_max_ms	17.613151999967158	OK
HuggingFaceTB/SmolLM3-3B	native	load_only	warm	init_ms	68627.71039699987	OK
HuggingFaceTB/SmolLM3-3B	native	ttft	warm	init_ms	22872.869506999905	OK
HuggingFaceTB/SmolLM3-3B	native	ttft	warm	first_token_ms	10.485224999911225	OK
HuggingFaceTB/SmolLM3-3B	native	ttft	warm	ttft_ms	22883.354731999818	OK
HuggingFaceTB/SmolLM3-3B	native	steady_state_decode	warm	init_ms	22954.874766000103	OK
HuggingFaceTB/SmolLM3-3B	native	steady_state_decode	warm	decode_avg_ms	36.07433820006918	OK
HuggingFaceTB/SmolLM3-3B	native	steady_state_decode	warm	decode_min_ms	35.940892000098756	OK
HuggingFaceTB/SmolLM3-3B	native	steady_state_decode	warm	decode_max_ms	36.34446800015212	OK
HuggingFaceTB/SmolLM3-3B	ts_safetensors_default	load_only	warm	init_ms	24960.458335000112	OK
HuggingFaceTB/SmolLM3-3B	ts_safetensors_default	ttft	warm	init_ms	24789.74932599999	OK
HuggingFaceTB/SmolLM3-3B	ts_safetensors_default	ttft	warm	first_token_ms	10.450377999859484	OK
HuggingFaceTB/SmolLM3-3B	ts_safetensors_default	ttft	warm	ttft_ms	24800.19970399985	OK
HuggingFaceTB/SmolLM3-3B	ts_safetensors_default	steady_state_decode	warm	init_ms	24882.874910000057	OK
HuggingFaceTB/SmolLM3-3B	ts_safetensors_default	steady_state_decode	warm	decode_avg_ms	35.9714060000897	OK
HuggingFaceTB/SmolLM3-3B	ts_safetensors_default	steady_state_decode	warm	decode_min_ms	35.781203000169626	OK
HuggingFaceTB/SmolLM3-3B	ts_safetensors_default	steady_state_decode	warm	decode_max_ms	36.212054000088756	OK
HuggingFaceTB/SmolLM3-3B	ts_safetensors_sync	load_only	warm	init_ms	24689.770398999826	OK
HuggingFaceTB/SmolLM3-3B	ts_safetensors_sync	ttft	warm	init_ms	24948.342945999684	OK
HuggingFaceTB/SmolLM3-3B	ts_safetensors_sync	ttft	warm	first_token_ms	10.615780000080122	OK
HuggingFaceTB/SmolLM3-3B	ts_safetensors_sync	ttft	warm	ttft_ms	24958.958725999764	OK
HuggingFaceTB/SmolLM3-3B	ts_safetensors_sync	steady_state_decode	warm	init_ms	24603.209766999953	OK
HuggingFaceTB/SmolLM3-3B	ts_safetensors_sync	steady_state_decode	warm	decode_avg_ms	35.93577479996384	OK
HuggingFaceTB/SmolLM3-3B	ts_safetensors_sync	steady_state_decode	warm	decode_min_ms	35.715987000003224	OK
HuggingFaceTB/SmolLM3-3B	ts_safetensors_sync	steady_state_decode	warm	decode_max_ms	36.37684500017713	OK
HuggingFaceTB/SmolLM3-3B	ts_safetensors_io_uring	load_only	warm	init_ms	26999.142116000257	OK
HuggingFaceTB/SmolLM3-3B	ts_safetensors_io_uring	ttft	warm	init_ms	26808.975914000257	OK
HuggingFaceTB/SmolLM3-3B	ts_safetensors_io_uring	ttft	warm	first_token_ms	10.571094000169978	OK
HuggingFaceTB/SmolLM3-3B	ts_safetensors_io_uring	ttft	warm	ttft_ms	26819.547008000427	OK
HuggingFaceTB/SmolLM3-3B	ts_safetensors_io_uring	steady_state_decode	warm	init_ms	27007.682633999593	OK
HuggingFaceTB/SmolLM3-3B	ts_safetensors_io_uring	steady_state_decode	warm	decode_avg_ms	36.47459300009359	OK
HuggingFaceTB/SmolLM3-3B	ts_safetensors_io_uring	steady_state_decode	warm	decode_min_ms	36.30985400013742	OK
HuggingFaceTB/SmolLM3-3B	ts_safetensors_io_uring	steady_state_decode	warm	decode_max_ms	36.79140600024766	OK
HuggingFaceTB/SmolLM3-3B	ts_serverlessllm_default	load_only	warm	init_ms	33914.49608499988	OK
HuggingFaceTB/SmolLM3-3B	ts_serverlessllm_default	ttft	warm	init_ms	26906.765956000072	OK
HuggingFaceTB/SmolLM3-3B	ts_serverlessllm_default	ttft	warm	first_token_ms	10.584751000351389	OK
HuggingFaceTB/SmolLM3-3B	ts_serverlessllm_default	ttft	warm	ttft_ms	26917.350707000423	OK
HuggingFaceTB/SmolLM3-3B	ts_serverlessllm_default	steady_state_decode	warm	init_ms	26881.579621000128	OK
HuggingFaceTB/SmolLM3-3B	ts_serverlessllm_default	steady_state_decode	warm	decode_avg_ms	36.21758979979859	OK
HuggingFaceTB/SmolLM3-3B	ts_serverlessllm_default	steady_state_decode	warm	decode_min_ms	36.05204399991635	OK
HuggingFaceTB/SmolLM3-3B	ts_serverlessllm_default	steady_state_decode	warm	decode_max_ms	36.515384999802336	OK
HuggingFaceTB/SmolLM3-3B	ts_serverlessllm_sync	load_only	warm	init_ms	29259.639418000006	OK
HuggingFaceTB/SmolLM3-3B	ts_serverlessllm_sync	ttft	warm	init_ms	29117.26020800006	OK
HuggingFaceTB/SmolLM3-3B	ts_serverlessllm_sync	ttft	warm	first_token_ms	10.437225000259787	OK
HuggingFaceTB/SmolLM3-3B	ts_serverlessllm_sync	ttft	warm	ttft_ms	29127.69743300032	OK
HuggingFaceTB/SmolLM3-3B	ts_serverlessllm_sync	steady_state_decode	warm	init_ms	29116.979789000197	OK
HuggingFaceTB/SmolLM3-3B	ts_serverlessllm_sync	steady_state_decode	warm	decode_avg_ms	36.1148521999894	OK
HuggingFaceTB/SmolLM3-3B	ts_serverlessllm_sync	steady_state_decode	warm	decode_min_ms	36.00110100023812	OK
HuggingFaceTB/SmolLM3-3B	ts_serverlessllm_sync	steady_state_decode	warm	decode_max_ms	36.25177199955942	OK
HuggingFaceTB/SmolLM3-3B	ts_serverlessllm_io_uring	load_only	warm	init_ms	27783.5928720001	OK
HuggingFaceTB/SmolLM3-3B	ts_serverlessllm_io_uring	ttft	warm	init_ms	27767.867070999728	OK
HuggingFaceTB/SmolLM3-3B	ts_serverlessllm_io_uring	ttft	warm	first_token_ms	10.382751000179269	OK
HuggingFaceTB/SmolLM3-3B	ts_serverlessllm_io_uring	ttft	warm	ttft_ms	27778.249821999907	OK
HuggingFaceTB/SmolLM3-3B	ts_serverlessllm_io_uring	steady_state_decode	warm	init_ms	27986.351534999812	OK
HuggingFaceTB/SmolLM3-3B	ts_serverlessllm_io_uring	steady_state_decode	warm	decode_avg_ms	36.03213559999858	OK
HuggingFaceTB/SmolLM3-3B	ts_serverlessllm_io_uring	steady_state_decode	warm	decode_min_ms	35.87913299998036	OK
HuggingFaceTB/SmolLM3-3B	ts_serverlessllm_io_uring	steady_state_decode	warm	decode_max_ms	36.24864700032049	OK
HuggingFaceTB/SmolLM3-3B	native	load_only	cold	init_ms	36874.781514999995	OK
HuggingFaceTB/SmolLM3-3B	native	ttft	cold	init_ms	32885.75750899963	OK
HuggingFaceTB/SmolLM3-3B	native	ttft	cold	first_token_ms	16.31770099993446	OK
HuggingFaceTB/SmolLM3-3B	native	ttft	cold	ttft_ms	32902.075209999566	OK
HuggingFaceTB/SmolLM3-3B	native	steady_state_decode	cold	init_ms	32583.3148669999	OK
HuggingFaceTB/SmolLM3-3B	native	steady_state_decode	cold	decode_avg_ms	36.387616799947864	OK
HuggingFaceTB/SmolLM3-3B	native	steady_state_decode	cold	decode_min_ms	36.246637999738596	OK
HuggingFaceTB/SmolLM3-3B	native	steady_state_decode	cold	decode_max_ms	36.68768600027761	OK
HuggingFaceTB/SmolLM3-3B	ts_safetensors_default	load_only	cold	init_ms	27333.963552000114	OK
HuggingFaceTB/SmolLM3-3B	ts_safetensors_default	ttft	cold	init_ms	27786.805252999784	OK
HuggingFaceTB/SmolLM3-3B	ts_safetensors_default	ttft	cold	first_token_ms	15.542183999968984	OK
HuggingFaceTB/SmolLM3-3B	ts_safetensors_default	ttft	cold	ttft_ms	27802.347436999753	OK
HuggingFaceTB/SmolLM3-3B	ts_safetensors_default	steady_state_decode	cold	init_ms	27548.67559799959	OK
HuggingFaceTB/SmolLM3-3B	ts_safetensors_default	steady_state_decode	cold	decode_avg_ms	36.25395519993617	OK
HuggingFaceTB/SmolLM3-3B	ts_safetensors_default	steady_state_decode	cold	decode_min_ms	35.99138399977164	OK
HuggingFaceTB/SmolLM3-3B	ts_safetensors_default	steady_state_decode	cold	decode_max_ms	36.65421699997751	OK
HuggingFaceTB/SmolLM3-3B	ts_safetensors_sync	load_only	cold	init_ms	27767.250446999697	OK
HuggingFaceTB/SmolLM3-3B	ts_safetensors_sync	ttft	cold	init_ms	27447.95623400023	OK
HuggingFaceTB/SmolLM3-3B	ts_safetensors_sync	ttft	cold	first_token_ms	15.454351999778737	OK
HuggingFaceTB/SmolLM3-3B	ts_safetensors_sync	ttft	cold	ttft_ms	27463.41058600001	OK
HuggingFaceTB/SmolLM3-3B	ts_safetensors_sync	steady_state_decode	cold	init_ms	27940.818606999983	OK
HuggingFaceTB/SmolLM3-3B	ts_safetensors_sync	steady_state_decode	cold	decode_avg_ms	36.14172260004125	OK
HuggingFaceTB/SmolLM3-3B	ts_safetensors_sync	steady_state_decode	cold	decode_min_ms	35.94805000011547	OK
HuggingFaceTB/SmolLM3-3B	ts_safetensors_sync	steady_state_decode	cold	decode_max_ms	36.50014000004376	OK
HuggingFaceTB/SmolLM3-3B	ts_safetensors_io_uring	load_only	cold	init_ms	29992.667428000004	OK
HuggingFaceTB/SmolLM3-3B	ts_safetensors_io_uring	ttft	cold	init_ms	29871.336454000357	OK
HuggingFaceTB/SmolLM3-3B	ts_safetensors_io_uring	ttft	cold	first_token_ms	15.13815100042848	OK
HuggingFaceTB/SmolLM3-3B	ts_safetensors_io_uring	ttft	cold	ttft_ms	29886.474605000785	OK
HuggingFaceTB/SmolLM3-3B	ts_safetensors_io_uring	steady_state_decode	cold	init_ms	29958.94235600008	OK
HuggingFaceTB/SmolLM3-3B	ts_safetensors_io_uring	steady_state_decode	cold	decode_avg_ms	36.07314740011134	OK
HuggingFaceTB/SmolLM3-3B	ts_safetensors_io_uring	steady_state_decode	cold	decode_min_ms	35.878335000234074	OK
HuggingFaceTB/SmolLM3-3B	ts_safetensors_io_uring	steady_state_decode	cold	decode_max_ms	36.41026300010708	OK
HuggingFaceTB/SmolLM3-3B	ts_serverlessllm_default	load_only	cold	init_ms	29364.70625300035	OK
HuggingFaceTB/SmolLM3-3B	ts_serverlessllm_default	ttft	cold	init_ms	29699.698588000047	OK
HuggingFaceTB/SmolLM3-3B	ts_serverlessllm_default	ttft	cold	first_token_ms	15.153230999658263	OK
HuggingFaceTB/SmolLM3-3B	ts_serverlessllm_default	ttft	cold	ttft_ms	29714.851818999705	OK
HuggingFaceTB/SmolLM3-3B	ts_serverlessllm_default	steady_state_decode	cold	init_ms	29657.292495999627	OK
HuggingFaceTB/SmolLM3-3B	ts_serverlessllm_default	steady_state_decode	cold	decode_avg_ms	35.91424680007549	OK
HuggingFaceTB/SmolLM3-3B	ts_serverlessllm_default	steady_state_decode	cold	decode_min_ms	35.805510000045615	OK
HuggingFaceTB/SmolLM3-3B	ts_serverlessllm_default	steady_state_decode	cold	decode_max_ms	36.14097399986349	OK
HuggingFaceTB/SmolLM3-3B	ts_serverlessllm_sync	load_only	cold	init_ms	30870.197727999766	OK
HuggingFaceTB/SmolLM3-3B	ts_serverlessllm_sync	ttft	cold	init_ms	30856.642421000288	OK
HuggingFaceTB/SmolLM3-3B	ts_serverlessllm_sync	ttft	cold	first_token_ms	15.174449999904027	OK
HuggingFaceTB/SmolLM3-3B	ts_serverlessllm_sync	ttft	cold	ttft_ms	30871.816871000192	OK
HuggingFaceTB/SmolLM3-3B	ts_serverlessllm_sync	steady_state_decode	cold	init_ms	30935.545029999957	OK
HuggingFaceTB/SmolLM3-3B	ts_serverlessllm_sync	steady_state_decode	cold	decode_avg_ms	36.26882639991891	OK
HuggingFaceTB/SmolLM3-3B	ts_serverlessllm_sync	steady_state_decode	cold	decode_min_ms	36.11159100000805	OK
HuggingFaceTB/SmolLM3-3B	ts_serverlessllm_sync	steady_state_decode	cold	decode_max_ms	36.4841539999361	OK
HuggingFaceTB/SmolLM3-3B	ts_serverlessllm_io_uring	load_only	cold	init_ms	30287.19618399964	OK
HuggingFaceTB/SmolLM3-3B	ts_serverlessllm_io_uring	ttft	cold	init_ms	30132.537412000147	OK
HuggingFaceTB/SmolLM3-3B	ts_serverlessllm_io_uring	ttft	cold	first_token_ms	14.956405000248196	OK
HuggingFaceTB/SmolLM3-3B	ts_serverlessllm_io_uring	ttft	cold	ttft_ms	30147.493817000395	OK
HuggingFaceTB/SmolLM3-3B	ts_serverlessllm_io_uring	steady_state_decode	cold	init_ms	30389.340081999762	OK
HuggingFaceTB/SmolLM3-3B	ts_serverlessllm_io_uring	steady_state_decode	cold	decode_avg_ms	36.053265600003215	OK
HuggingFaceTB/SmolLM3-3B	ts_serverlessllm_io_uring	steady_state_decode	cold	decode_min_ms	35.897263000151725	OK
HuggingFaceTB/SmolLM3-3B	ts_serverlessllm_io_uring	steady_state_decode	cold	decode_max_ms	36.33399999989706	OK
Qwen/Qwen3-4B	native	load_only	warm	init_ms	74221.1046829998	OK
Qwen/Qwen3-4B	native	ttft	warm	init_ms	22399.533575000078	OK
Qwen/Qwen3-4B	native	ttft	warm	first_token_ms	11.937950000174169	OK
Qwen/Qwen3-4B	native	ttft	warm	ttft_ms	22411.471525000252	OK
Qwen/Qwen3-4B	native	steady_state_decode	warm	init_ms	22371.519775999786	OK
Qwen/Qwen3-4B	native	steady_state_decode	warm	decode_avg_ms	39.06788639997103	OK
Qwen/Qwen3-4B	native	steady_state_decode	warm	decode_min_ms	38.880507000158104	OK
Qwen/Qwen3-4B	native	steady_state_decode	warm	decode_max_ms	39.37976899987916	OK
Qwen/Qwen3-4B	ts_safetensors_default	load_only	warm	init_ms	25384.886656000162	OK
Qwen/Qwen3-4B	ts_safetensors_default	ttft	warm	init_ms	25195.06783099996	OK
Qwen/Qwen3-4B	ts_safetensors_default	ttft	warm	first_token_ms	10.69523099977232	OK
Qwen/Qwen3-4B	ts_safetensors_default	ttft	warm	ttft_ms	25205.763061999733	OK
Qwen/Qwen3-4B	ts_safetensors_default	steady_state_decode	warm	init_ms	25276.89127700023	OK
Qwen/Qwen3-4B	ts_safetensors_default	steady_state_decode	warm	decode_avg_ms	39.36118779993194	OK
Qwen/Qwen3-4B	ts_safetensors_default	steady_state_decode	warm	decode_min_ms	39.15914999970482	OK
Qwen/Qwen3-4B	ts_safetensors_default	steady_state_decode	warm	decode_max_ms	39.61587200001304	OK
Qwen/Qwen3-4B	ts_safetensors_sync	load_only	warm	init_ms	25156.283896000332	OK
Qwen/Qwen3-4B	ts_safetensors_sync	ttft	warm	init_ms	25356.987320999906	OK
Qwen/Qwen3-4B	ts_safetensors_sync	ttft	warm	first_token_ms	10.538986000028672	OK
Qwen/Qwen3-4B	ts_safetensors_sync	ttft	warm	ttft_ms	25367.526306999935	OK
Qwen/Qwen3-4B	ts_safetensors_sync	steady_state_decode	warm	init_ms	25263.56753600021	OK
Qwen/Qwen3-4B	ts_safetensors_sync	steady_state_decode	warm	decode_avg_ms	39.109100800124	OK
Qwen/Qwen3-4B	ts_safetensors_sync	steady_state_decode	warm	decode_min_ms	38.9199340002051	OK
Qwen/Qwen3-4B	ts_safetensors_sync	steady_state_decode	warm	decode_max_ms	39.41617000009501	OK
Qwen/Qwen3-4B	ts_safetensors_io_uring	load_only	warm	init_ms	26666.045596999993	OK
Qwen/Qwen3-4B	ts_safetensors_io_uring	ttft	warm	init_ms	26994.481419000294	OK
Qwen/Qwen3-4B	ts_safetensors_io_uring	ttft	warm	first_token_ms	10.860244000014063	OK
Qwen/Qwen3-4B	ts_safetensors_io_uring	ttft	warm	ttft_ms	27005.34166300031	OK
Qwen/Qwen3-4B	ts_safetensors_io_uring	steady_state_decode	warm	init_ms	26895.378685000196	OK
Qwen/Qwen3-4B	ts_safetensors_io_uring	steady_state_decode	warm	decode_avg_ms	39.07219199991232	OK
Qwen/Qwen3-4B	ts_safetensors_io_uring	steady_state_decode	warm	decode_min_ms	38.89748899973711	OK
Qwen/Qwen3-4B	ts_safetensors_io_uring	steady_state_decode	warm	decode_max_ms	39.41731599979903	OK
Qwen/Qwen3-4B	ts_serverlessllm_default	load_only	warm	init_ms	37335.64268800001	OK
Qwen/Qwen3-4B	ts_serverlessllm_default	ttft	warm	init_ms	28302.931906999675	OK
Qwen/Qwen3-4B	ts_serverlessllm_default	ttft	warm	first_token_ms	23.360160999800428	OK
Qwen/Qwen3-4B	ts_serverlessllm_default	ttft	warm	ttft_ms	28326.292067999475	OK
Qwen/Qwen3-4B	ts_serverlessllm_default	steady_state_decode	warm	init_ms	28108.406704999652	OK
Qwen/Qwen3-4B	ts_serverlessllm_default	steady_state_decode	warm	decode_avg_ms	39.28733620005005	OK
Qwen/Qwen3-4B	ts_serverlessllm_default	steady_state_decode	warm	decode_min_ms	39.136243000029936	OK
Qwen/Qwen3-4B	ts_serverlessllm_default	steady_state_decode	warm	decode_max_ms	39.5851359999142	OK
Qwen/Qwen3-4B	ts_serverlessllm_sync	load_only	warm	init_ms	30389.120187000117	OK
Qwen/Qwen3-4B	ts_serverlessllm_sync	ttft	warm	init_ms	30329.521766999733	OK
Qwen/Qwen3-4B	ts_serverlessllm_sync	ttft	warm	first_token_ms	10.687284999676194	OK
Qwen/Qwen3-4B	ts_serverlessllm_sync	ttft	warm	ttft_ms	30340.20905199941	OK
Qwen/Qwen3-4B	ts_serverlessllm_sync	steady_state_decode	warm	init_ms	30384.24360399995	OK
Qwen/Qwen3-4B	ts_serverlessllm_sync	steady_state_decode	warm	decode_avg_ms	39.06489959990722	OK
Qwen/Qwen3-4B	ts_serverlessllm_sync	steady_state_decode	warm	decode_min_ms	38.73199400004523	OK
Qwen/Qwen3-4B	ts_serverlessllm_sync	steady_state_decode	warm	decode_max_ms	39.384062999943126	OK
Qwen/Qwen3-4B	ts_serverlessllm_io_uring	load_only	warm	init_ms	28957.308678000118	OK
Qwen/Qwen3-4B	ts_serverlessllm_io_uring	ttft	warm	init_ms	28933.548034000523	OK
Qwen/Qwen3-4B	ts_serverlessllm_io_uring	ttft	warm	first_token_ms	10.868790000131412	OK
Qwen/Qwen3-4B	ts_serverlessllm_io_uring	ttft	warm	ttft_ms	28944.416824000655	OK
Qwen/Qwen3-4B	ts_serverlessllm_io_uring	steady_state_decode	warm	init_ms	29034.014826999737	OK
Qwen/Qwen3-4B	ts_serverlessllm_io_uring	steady_state_decode	warm	decode_avg_ms	39.166800400016655	OK
Qwen/Qwen3-4B	ts_serverlessllm_io_uring	steady_state_decode	warm	decode_min_ms	39.03911199995491	OK
Qwen/Qwen3-4B	ts_serverlessllm_io_uring	steady_state_decode	warm	decode_max_ms	39.429286000085995	OK
Qwen/Qwen3-4B	native	load_only	cold	init_ms	40486.71930799992	OK
Qwen/Qwen3-4B	native	ttft	cold	init_ms	35663.50541599968	OK
Qwen/Qwen3-4B	native	ttft	cold	first_token_ms	16.356121999706374	OK
Qwen/Qwen3-4B	native	ttft	cold	ttft_ms	35679.861537999386	OK
Qwen/Qwen3-4B	native	steady_state_decode	cold	init_ms	34986.83527100002	OK
Qwen/Qwen3-4B	native	steady_state_decode	cold	decode_avg_ms	39.22100319978199	OK
Qwen/Qwen3-4B	native	steady_state_decode	cold	decode_min_ms	39.04509699987102	OK
Qwen/Qwen3-4B	native	steady_state_decode	cold	decode_max_ms	39.613766000002215	OK
Qwen/Qwen3-4B	ts_safetensors_default	load_only	cold	init_ms	28475.271383999825	OK
Qwen/Qwen3-4B	ts_safetensors_default	ttft	cold	init_ms	28514.36284800002	OK
Qwen/Qwen3-4B	ts_safetensors_default	ttft	cold	first_token_ms	15.410474000418617	OK
Qwen/Qwen3-4B	ts_safetensors_default	ttft	cold	ttft_ms	28529.773322000437	OK
Qwen/Qwen3-4B	ts_safetensors_default	steady_state_decode	cold	init_ms	28679.300505000356	OK
Qwen/Qwen3-4B	ts_safetensors_default	steady_state_decode	cold	decode_avg_ms	39.17269480025425	OK
Qwen/Qwen3-4B	ts_safetensors_default	steady_state_decode	cold	decode_min_ms	38.975493000179995	OK
Qwen/Qwen3-4B	ts_safetensors_default	steady_state_decode	cold	decode_max_ms	39.53977900073369	OK
Qwen/Qwen3-4B	ts_safetensors_sync	load_only	cold	init_ms	28478.76709999946	OK
Qwen/Qwen3-4B	ts_safetensors_sync	ttft	cold	init_ms	28589.57782000016	OK
Qwen/Qwen3-4B	ts_safetensors_sync	ttft	cold	first_token_ms	15.597761000208266	OK
Qwen/Qwen3-4B	ts_safetensors_sync	ttft	cold	ttft_ms	28605.175581000367	OK
Qwen/Qwen3-4B	ts_safetensors_sync	steady_state_decode	cold	init_ms	28240.020326000376	OK
Qwen/Qwen3-4B	ts_safetensors_sync	steady_state_decode	cold	decode_avg_ms	39.045857599739975	OK
Qwen/Qwen3-4B	ts_safetensors_sync	steady_state_decode	cold	decode_min_ms	38.90631000012945	OK
Qwen/Qwen3-4B	ts_safetensors_sync	steady_state_decode	cold	decode_max_ms	39.27943300004699	OK
Qwen/Qwen3-4B	ts_safetensors_io_uring	load_only	cold	init_ms	29727.162442999543	OK
Qwen/Qwen3-4B	ts_safetensors_io_uring	ttft	cold	init_ms	30014.75191999998	OK
Qwen/Qwen3-4B	ts_safetensors_io_uring	ttft	cold	first_token_ms	15.257780999490933	OK
Qwen/Qwen3-4B	ts_safetensors_io_uring	ttft	cold	ttft_ms	30030.00970099947	OK
Qwen/Qwen3-4B	ts_safetensors_io_uring	steady_state_decode	cold	init_ms	29725.89280000011	OK
Qwen/Qwen3-4B	ts_safetensors_io_uring	steady_state_decode	cold	decode_avg_ms	39.02370459982194	OK
Qwen/Qwen3-4B	ts_safetensors_io_uring	steady_state_decode	cold	decode_min_ms	38.80298800049786	OK
Qwen/Qwen3-4B	ts_safetensors_io_uring	steady_state_decode	cold	decode_max_ms	39.35615099999268	OK
Qwen/Qwen3-4B	ts_serverlessllm_default	load_only	cold	init_ms	32043.100290999973	OK
Qwen/Qwen3-4B	ts_serverlessllm_default	ttft	cold	init_ms	32242.21530700015	OK
Qwen/Qwen3-4B	ts_serverlessllm_default	ttft	cold	first_token_ms	15.547279000202252	OK
Qwen/Qwen3-4B	ts_serverlessllm_default	ttft	cold	ttft_ms	32257.762586000354	OK
Qwen/Qwen3-4B	ts_serverlessllm_default	steady_state_decode	cold	init_ms	31403.738728999997	OK
Qwen/Qwen3-4B	ts_serverlessllm_default	steady_state_decode	cold	decode_avg_ms	39.20770740005537	OK
Qwen/Qwen3-4B	ts_serverlessllm_default	steady_state_decode	cold	decode_min_ms	39.025813000080234	OK
Qwen/Qwen3-4B	ts_serverlessllm_default	steady_state_decode	cold	decode_max_ms	39.63687600025878	OK
Qwen/Qwen3-4B	ts_serverlessllm_sync	load_only	cold	init_ms	32327.824992999922	OK
Qwen/Qwen3-4B	ts_serverlessllm_sync	ttft	cold	init_ms	32412.044905000585	OK
Qwen/Qwen3-4B	ts_serverlessllm_sync	ttft	cold	first_token_ms	14.962368999476894	OK
Qwen/Qwen3-4B	ts_serverlessllm_sync	ttft	cold	ttft_ms	32427.00727400006	OK
Qwen/Qwen3-4B	ts_serverlessllm_sync	steady_state_decode	cold	init_ms	32146.415909000098	OK
Qwen/Qwen3-4B	ts_serverlessllm_sync	steady_state_decode	cold	decode_avg_ms	39.221048999752384	OK
Qwen/Qwen3-4B	ts_serverlessllm_sync	steady_state_decode	cold	decode_min_ms	39.1170749999219	OK
Qwen/Qwen3-4B	ts_serverlessllm_sync	steady_state_decode	cold	decode_max_ms	39.45270799977152	OK
Qwen/Qwen3-4B	ts_serverlessllm_io_uring	load_only	cold	init_ms	31792.29546500028	OK
Qwen/Qwen3-4B	ts_serverlessllm_io_uring	ttft	cold	init_ms	31805.063910999706	OK
Qwen/Qwen3-4B	ts_serverlessllm_io_uring	ttft	cold	first_token_ms	15.219867000269005	OK
Qwen/Qwen3-4B	ts_serverlessllm_io_uring	ttft	cold	ttft_ms	31820.283777999975	OK
Qwen/Qwen3-4B	ts_serverlessllm_io_uring	steady_state_decode	cold	init_ms	32150.119525000264	OK
Qwen/Qwen3-4B	ts_serverlessllm_io_uring	steady_state_decode	cold	decode_avg_ms	39.18709379995562	OK
Qwen/Qwen3-4B	ts_serverlessllm_io_uring	steady_state_decode	cold	decode_min_ms	39.03870900012407	OK
Qwen/Qwen3-4B	ts_serverlessllm_io_uring	steady_state_decode	cold	decode_max_ms	39.47097600030247	OK
Qwen/Qwen3-8B	native	load_only	warm	init_ms	102605.14428700026	OK
Qwen/Qwen3-8B	native	ttft	warm	init_ms	23669.61550800079	OK
Qwen/Qwen3-8B	native	ttft	warm	first_token_ms	12.125698000090779	OK
Qwen/Qwen3-8B	native	ttft	warm	ttft_ms	23681.74120600088	OK
Qwen/Qwen3-8B	native	steady_state_decode	warm	init_ms	24013.620770999296	OK
Qwen/Qwen3-8B	native	steady_state_decode	warm	decode_avg_ms	58.17964160014526	OK
Qwen/Qwen3-8B	native	steady_state_decode	warm	decode_min_ms	57.965494000200124	OK
Qwen/Qwen3-8B	native	steady_state_decode	warm	decode_max_ms	58.54994599940255	OK
Qwen/Qwen3-8B	ts_safetensors_default	load_only	warm	init_ms	32304.60038000001	OK
Qwen/Qwen3-8B	ts_safetensors_default	ttft	warm	init_ms	32210.797441999603	OK
Qwen/Qwen3-8B	ts_safetensors_default	ttft	warm	first_token_ms	12.346510999122984	OK
Qwen/Qwen3-8B	ts_safetensors_default	ttft	warm	ttft_ms	32223.143952998726	OK
Qwen/Qwen3-8B	ts_safetensors_default	steady_state_decode	warm	init_ms	32083.976931000507	OK
Qwen/Qwen3-8B	ts_safetensors_default	steady_state_decode	warm	decode_avg_ms	58.117687800222484	OK
Qwen/Qwen3-8B	ts_safetensors_default	steady_state_decode	warm	decode_min_ms	57.898815000044124	OK
Qwen/Qwen3-8B	ts_safetensors_default	steady_state_decode	warm	decode_max_ms	58.532985000056215	OK
Qwen/Qwen3-8B	ts_safetensors_sync	load_only	warm	init_ms	30922.781951000616	OK
Qwen/Qwen3-8B	ts_safetensors_sync	ttft	warm	init_ms	30910.92163600024	OK
Qwen/Qwen3-8B	ts_safetensors_sync	ttft	warm	first_token_ms	12.204103000840405	OK
Qwen/Qwen3-8B	ts_safetensors_sync	ttft	warm	ttft_ms	30923.12573900108	OK
Qwen/Qwen3-8B	ts_safetensors_sync	steady_state_decode	warm	init_ms	30735.88880599982	OK
Qwen/Qwen3-8B	ts_safetensors_sync	steady_state_decode	warm	decode_avg_ms	58.16417159985576	OK
Qwen/Qwen3-8B	ts_safetensors_sync	steady_state_decode	warm	decode_min_ms	57.9428459996052	OK
Qwen/Qwen3-8B	ts_safetensors_sync	steady_state_decode	warm	decode_max_ms	58.48977799996646	OK
Qwen/Qwen3-8B	ts_safetensors_io_uring	load_only	warm	init_ms	32129.565152000396	OK
Qwen/Qwen3-8B	ts_safetensors_io_uring	ttft	warm	init_ms	32174.323565999657	OK
Qwen/Qwen3-8B	ts_safetensors_io_uring	ttft	warm	first_token_ms	12.250126000253658	OK
Qwen/Qwen3-8B	ts_safetensors_io_uring	ttft	warm	ttft_ms	32186.57369199991	OK
Qwen/Qwen3-8B	ts_safetensors_io_uring	steady_state_decode	warm	init_ms	32191.110155999922	OK
Qwen/Qwen3-8B	ts_safetensors_io_uring	steady_state_decode	warm	decode_avg_ms	58.11475260015868	OK
Qwen/Qwen3-8B	ts_safetensors_io_uring	steady_state_decode	warm	decode_min_ms	57.890828999916266	OK
Qwen/Qwen3-8B	ts_safetensors_io_uring	steady_state_decode	warm	decode_max_ms	58.45599900021625	OK
Qwen/Qwen3-8B	ts_serverlessllm_default	load_only	warm	init_ms	57359.911587999704	OK
Qwen/Qwen3-8B	ts_serverlessllm_default	ttft	warm	init_ms	38962.5899319999	OK
Qwen/Qwen3-8B	ts_serverlessllm_default	ttft	warm	first_token_ms	12.195106000035594	OK
Qwen/Qwen3-8B	ts_serverlessllm_default	ttft	warm	ttft_ms	38974.785037999936	OK
Qwen/Qwen3-8B	ts_serverlessllm_default	steady_state_decode	warm	init_ms	38579.894004999915	OK
Qwen/Qwen3-8B	ts_serverlessllm_default	steady_state_decode	warm	decode_avg_ms	58.06034119996184	OK
Qwen/Qwen3-8B	ts_serverlessllm_default	steady_state_decode	warm	decode_min_ms	57.84183000014309	OK
Qwen/Qwen3-8B	ts_serverlessllm_default	steady_state_decode	warm	decode_max_ms	58.41703199985204	OK
Qwen/Qwen3-8B	ts_serverlessllm_sync	load_only	warm	init_ms	42107.248117999916	OK
Qwen/Qwen3-8B	ts_serverlessllm_sync	ttft	warm	init_ms	41549.00384800021	OK
Qwen/Qwen3-8B	ts_serverlessllm_sync	ttft	warm	first_token_ms	12.366756000119494	OK
Qwen/Qwen3-8B	ts_serverlessllm_sync	ttft	warm	ttft_ms	41561.37060400033	OK
Qwen/Qwen3-8B	ts_serverlessllm_sync	steady_state_decode	warm	init_ms	40944.43100599983	OK
Qwen/Qwen3-8B	ts_serverlessllm_sync	steady_state_decode	warm	decode_avg_ms	58.393963600065035	OK
Qwen/Qwen3-8B	ts_serverlessllm_sync	steady_state_decode	warm	decode_min_ms	58.18802100020548	OK
Qwen/Qwen3-8B	ts_serverlessllm_sync	steady_state_decode	warm	decode_max_ms	58.752206999997725	OK
Qwen/Qwen3-8B	ts_serverlessllm_io_uring	load_only	warm	init_ms	38503.07106400032	OK
Qwen/Qwen3-8B	ts_serverlessllm_io_uring	ttft	warm	init_ms	38181.49303900009	OK
Qwen/Qwen3-8B	ts_serverlessllm_io_uring	ttft	warm	first_token_ms	12.350021999736782	OK
Qwen/Qwen3-8B	ts_serverlessllm_io_uring	ttft	warm	ttft_ms	38193.843060999825	OK
Qwen/Qwen3-8B	ts_serverlessllm_io_uring	steady_state_decode	warm	init_ms	38251.06471300023	OK
Qwen/Qwen3-8B	ts_serverlessllm_io_uring	steady_state_decode	warm	decode_avg_ms	58.32583040028112	OK
Qwen/Qwen3-8B	ts_serverlessllm_io_uring	steady_state_decode	warm	decode_min_ms	58.121645000028366	OK
Qwen/Qwen3-8B	ts_serverlessllm_io_uring	steady_state_decode	warm	decode_max_ms	58.7813020001704	OK
Qwen/Qwen3-8B	native	load_only	cold	init_ms	56639.47513000039	OK
Qwen/Qwen3-8B	native	ttft	cold	init_ms	50973.900643999514	OK
Qwen/Qwen3-8B	native	ttft	cold	first_token_ms	17.379204999997455	OK
Qwen/Qwen3-8B	native	ttft	cold	ttft_ms	50991.27984899951	OK
Qwen/Qwen3-8B	native	steady_state_decode	cold	init_ms	48416.61524999927	OK
Qwen/Qwen3-8B	native	steady_state_decode	cold	decode_avg_ms	58.176440600072965	OK
Qwen/Qwen3-8B	native	steady_state_decode	cold	decode_min_ms	58.03263899997546	OK
Qwen/Qwen3-8B	native	steady_state_decode	cold	decode_max_ms	58.49751700043271	OK
Qwen/Qwen3-8B	ts_safetensors_default	load_only	cold	init_ms	35555.7859999999	OK
Qwen/Qwen3-8B	ts_safetensors_default	ttft	cold	init_ms	35082.76837699941	OK
Qwen/Qwen3-8B	ts_safetensors_default	ttft	cold	first_token_ms	17.070404999685707	OK
Qwen/Qwen3-8B	ts_safetensors_default	ttft	cold	ttft_ms	35099.8387819991	OK
Qwen/Qwen3-8B	ts_safetensors_default	steady_state_decode	cold	init_ms	35572.27971000066	OK
Qwen/Qwen3-8B	ts_safetensors_default	steady_state_decode	cold	decode_avg_ms	58.33339899982093	OK
Qwen/Qwen3-8B	ts_safetensors_default	steady_state_decode	cold	decode_min_ms	58.1267689995002	OK
Qwen/Qwen3-8B	ts_safetensors_default	steady_state_decode	cold	decode_max_ms	58.77071499980957	OK
Qwen/Qwen3-8B	ts_safetensors_sync	load_only	cold	init_ms	36524.09840200016	OK
Qwen/Qwen3-8B	ts_safetensors_sync	ttft	cold	init_ms	35622.44008699963	OK
Qwen/Qwen3-8B	ts_safetensors_sync	ttft	cold	first_token_ms	16.801820000182488	OK
Qwen/Qwen3-8B	ts_safetensors_sync	ttft	cold	ttft_ms	35639.241906999814	OK
Qwen/Qwen3-8B	ts_safetensors_sync	steady_state_decode	cold	init_ms	35536.72737800025	OK
Qwen/Qwen3-8B	ts_safetensors_sync	steady_state_decode	cold	decode_avg_ms	58.22855940004956	OK
Qwen/Qwen3-8B	ts_safetensors_sync	steady_state_decode	cold	decode_min_ms	58.043324000209395	OK
Qwen/Qwen3-8B	ts_safetensors_sync	steady_state_decode	cold	decode_max_ms	58.582929000294826	OK
Qwen/Qwen3-8B	ts_safetensors_io_uring	load_only	cold	init_ms	35889.698196999234	OK
Qwen/Qwen3-8B	ts_safetensors_io_uring	ttft	cold	init_ms	35364.926888999435	OK
Qwen/Qwen3-8B	ts_safetensors_io_uring	ttft	cold	first_token_ms	16.83099699948798	OK
Qwen/Qwen3-8B	ts_safetensors_io_uring	ttft	cold	ttft_ms	35381.75788599892	OK
Qwen/Qwen3-8B	ts_safetensors_io_uring	steady_state_decode	cold	init_ms	35498.12654500056	OK
Qwen/Qwen3-8B	ts_safetensors_io_uring	steady_state_decode	cold	decode_avg_ms	58.435635000205366	OK
Qwen/Qwen3-8B	ts_safetensors_io_uring	steady_state_decode	cold	decode_min_ms	58.20750300063082	OK
Qwen/Qwen3-8B	ts_safetensors_io_uring	steady_state_decode	cold	decode_max_ms	58.92709500039928	OK
Qwen/Qwen3-8B	ts_serverlessllm_default	load_only	cold	init_ms	42549.58429999988	OK
Qwen/Qwen3-8B	ts_serverlessllm_default	ttft	cold	init_ms	42158.60575500028	OK
Qwen/Qwen3-8B	ts_serverlessllm_default	ttft	cold	first_token_ms	16.817739000543952	OK
Qwen/Qwen3-8B	ts_serverlessllm_default	ttft	cold	ttft_ms	42175.423494000825	OK
Qwen/Qwen3-8B	ts_serverlessllm_default	steady_state_decode	cold	init_ms	42060.43981399944	OK
Qwen/Qwen3-8B	ts_serverlessllm_default	steady_state_decode	cold	decode_avg_ms	58.13771699995414	OK
Qwen/Qwen3-8B	ts_serverlessllm_default	steady_state_decode	cold	decode_min_ms	57.79716000051849	OK
Qwen/Qwen3-8B	ts_serverlessllm_default	steady_state_decode	cold	decode_max_ms	58.67205600043235	OK
Qwen/Qwen3-8B	ts_serverlessllm_sync	load_only	cold	init_ms	44371.00708699927	OK
Qwen/Qwen3-8B	ts_serverlessllm_sync	ttft	cold	init_ms	43613.004222999734	OK
Qwen/Qwen3-8B	ts_serverlessllm_sync	ttft	cold	first_token_ms	16.928152000218688	OK
Qwen/Qwen3-8B	ts_serverlessllm_sync	ttft	cold	ttft_ms	43629.93237499995	OK
Qwen/Qwen3-8B	ts_serverlessllm_sync	steady_state_decode	cold	init_ms	44325.208796999505	OK
Qwen/Qwen3-8B	ts_serverlessllm_sync	steady_state_decode	cold	decode_avg_ms	58.13252599982661	OK
Qwen/Qwen3-8B	ts_serverlessllm_sync	steady_state_decode	cold	decode_min_ms	57.957044999966456	OK
Qwen/Qwen3-8B	ts_serverlessllm_sync	steady_state_decode	cold	decode_max_ms	58.49086600028386	OK
Qwen/Qwen3-8B	ts_serverlessllm_io_uring	load_only	cold	init_ms	42343.083183999624	OK
Qwen/Qwen3-8B	ts_serverlessllm_io_uring	ttft	cold	init_ms	42112.70962800063	OK
Qwen/Qwen3-8B	ts_serverlessllm_io_uring	ttft	cold	first_token_ms	16.915916000471043	OK
Qwen/Qwen3-8B	ts_serverlessllm_io_uring	ttft	cold	ttft_ms	42129.6255440011	OK
Qwen/Qwen3-8B	ts_serverlessllm_io_uring	steady_state_decode	cold	init_ms	41749.47102599981	OK
Qwen/Qwen3-8B	ts_serverlessllm_io_uring	steady_state_decode	cold	decode_avg_ms	58.100590799949714	OK
Qwen/Qwen3-8B	ts_serverlessllm_io_uring	steady_state_decode	cold	decode_min_ms	57.90749500010861	OK
Qwen/Qwen3-8B	ts_serverlessllm_io_uring	steady_state_decode	cold	decode_max_ms	58.44940800034237	OK
Qwen/Qwen3-14B	native	load_only	warm	init_ms	117440.71011800042	OK
Qwen/Qwen3-14B	native	ttft	warm	init_ms	30266.974374999336	OK
Qwen/Qwen3-14B	native	ttft	warm	first_token_ms	22.303309000562876	OK
Qwen/Qwen3-14B	native	ttft	warm	ttft_ms	30289.2776839999	OK
Qwen/Qwen3-14B	native	steady_state_decode	warm	init_ms	27991.007389000515	OK
Qwen/Qwen3-14B	native	steady_state_decode	warm	decode_avg_ms	94.42635880077432	OK
Qwen/Qwen3-14B	native	steady_state_decode	warm	decode_min_ms	94.30493000036222	OK
Qwen/Qwen3-14B	native	steady_state_decode	warm	decode_max_ms	94.74691700052063	OK
Qwen/Qwen3-14B	ts_safetensors_default	load_only	warm	init_ms	42912.40037500029	OK
Qwen/Qwen3-14B	ts_safetensors_default	ttft	warm	init_ms	43172.070309001356	OK
Qwen/Qwen3-14B	ts_safetensors_default	ttft	warm	first_token_ms	16.66477000071609	OK
Qwen/Qwen3-14B	ts_safetensors_default	ttft	warm	ttft_ms	43188.73507900207	OK
Qwen/Qwen3-14B	ts_safetensors_default	steady_state_decode	warm	init_ms	42820.14350100144	OK
Qwen/Qwen3-14B	ts_safetensors_default	steady_state_decode	warm	decode_avg_ms	94.41196779989696	OK
Qwen/Qwen3-14B	ts_safetensors_default	steady_state_decode	warm	decode_min_ms	94.28199600006337	OK
Qwen/Qwen3-14B	ts_safetensors_default	steady_state_decode	warm	decode_max_ms	94.7083079990989	OK
Qwen/Qwen3-14B	ts_safetensors_sync	load_only	warm	init_ms	41651.155277000726	OK
Qwen/Qwen3-14B	ts_safetensors_sync	ttft	warm	init_ms	41751.11003299935	OK
Qwen/Qwen3-14B	ts_safetensors_sync	ttft	warm	first_token_ms	16.699598001650884	OK
Qwen/Qwen3-14B	ts_safetensors_sync	ttft	warm	ttft_ms	41767.809631001	OK
Qwen/Qwen3-14B	ts_safetensors_sync	steady_state_decode	warm	init_ms	41954.277507998995	OK
Qwen/Qwen3-14B	ts_safetensors_sync	steady_state_decode	warm	decode_avg_ms	94.84081519949541	OK
Qwen/Qwen3-14B	ts_safetensors_sync	steady_state_decode	warm	decode_min_ms	94.4799939989025	OK
Qwen/Qwen3-14B	ts_safetensors_sync	steady_state_decode	warm	decode_max_ms	95.78780400079268	OK
Qwen/Qwen3-14B	ts_safetensors_io_uring	load_only	warm	init_ms	42870.88338800095	OK
Qwen/Qwen3-14B	ts_safetensors_io_uring	ttft	warm	init_ms	42918.18131999935	OK
Qwen/Qwen3-14B	ts_safetensors_io_uring	ttft	warm	first_token_ms	16.809095001008245	OK
Qwen/Qwen3-14B	ts_safetensors_io_uring	ttft	warm	ttft_ms	42934.99041500036	OK
Qwen/Qwen3-14B	ts_safetensors_io_uring	steady_state_decode	warm	init_ms	42843.09834799933	OK
Qwen/Qwen3-14B	ts_safetensors_io_uring	steady_state_decode	warm	decode_avg_ms	94.65588620005292	OK
Qwen/Qwen3-14B	ts_safetensors_io_uring	steady_state_decode	warm	decode_min_ms	94.51248200093687	OK
Qwen/Qwen3-14B	ts_safetensors_io_uring	steady_state_decode	warm	decode_max_ms	95.06657299971266	OK
Qwen/Qwen3-14B	ts_serverlessllm_default	load_only	warm	init_ms	58592.09226299936	OK
Qwen/Qwen3-14B	ts_serverlessllm_default	ttft	warm	init_ms	57284.62958000091	OK
Qwen/Qwen3-14B	ts_serverlessllm_default	ttft	warm	first_token_ms	16.72055600101885	OK
Qwen/Qwen3-14B	ts_serverlessllm_default	ttft	warm	ttft_ms	57301.35013600193	OK
Qwen/Qwen3-14B	ts_serverlessllm_default	steady_state_decode	warm	init_ms	54844.34572099963	OK
Qwen/Qwen3-14B	ts_serverlessllm_default	steady_state_decode	warm	decode_avg_ms	94.64001199958147	OK
Qwen/Qwen3-14B	ts_serverlessllm_default	steady_state_decode	warm	decode_min_ms	94.47284899943043	OK
Qwen/Qwen3-14B	ts_serverlessllm_default	steady_state_decode	warm	decode_max_ms	94.93287899931602	OK
Qwen/Qwen3-14B	ts_serverlessllm_sync	load_only	warm	init_ms	60536.18682600063	OK
Qwen/Qwen3-14B	ts_serverlessllm_sync	ttft	warm	init_ms	60200.8042489997	OK
Qwen/Qwen3-14B	ts_serverlessllm_sync	ttft	warm	first_token_ms	16.798012000435847	OK
Qwen/Qwen3-14B	ts_serverlessllm_sync	ttft	warm	ttft_ms	60217.60226100014	OK
Qwen/Qwen3-14B	ts_serverlessllm_sync	steady_state_decode	warm	init_ms	60301.43576000046	OK
Qwen/Qwen3-14B	ts_serverlessllm_sync	steady_state_decode	warm	decode_avg_ms	94.52089040023566	OK
Qwen/Qwen3-14B	ts_serverlessllm_sync	steady_state_decode	warm	decode_min_ms	94.31482500076527	OK
Qwen/Qwen3-14B	ts_serverlessllm_sync	steady_state_decode	warm	decode_max_ms	94.88567299922579	OK
Qwen/Qwen3-14B	ts_serverlessllm_io_uring	load_only	warm	init_ms	54620.394609999494	OK
Qwen/Qwen3-14B	ts_serverlessllm_io_uring	ttft	warm	init_ms	55134.73345300008	OK
Qwen/Qwen3-14B	ts_serverlessllm_io_uring	ttft	warm	first_token_ms	16.678003999913926	OK
Qwen/Qwen3-14B	ts_serverlessllm_io_uring	ttft	warm	ttft_ms	55151.411456999995	OK
Qwen/Qwen3-14B	ts_serverlessllm_io_uring	steady_state_decode	warm	init_ms	54478.84717600027	OK
Qwen/Qwen3-14B	ts_serverlessllm_io_uring	steady_state_decode	warm	decode_avg_ms	94.36140920042817	OK
Qwen/Qwen3-14B	ts_serverlessllm_io_uring	steady_state_decode	warm	decode_min_ms	94.24493699953018	OK
Qwen/Qwen3-14B	ts_serverlessllm_io_uring	steady_state_decode	warm	decode_max_ms	94.65723200082721	OK
Qwen/Qwen3-14B	native	load_only	cold	init_ms	89220.77789799914	OK
Qwen/Qwen3-14B	native	ttft	cold	init_ms	76453.1544520014	OK
Qwen/Qwen3-14B	native	ttft	cold	first_token_ms	22.6430850016186	OK
Qwen/Qwen3-14B	native	ttft	cold	ttft_ms	76475.79753700302	OK
Qwen/Qwen3-14B	native	steady_state_decode	cold	init_ms	76800.59961500046	OK
Qwen/Qwen3-14B	native	steady_state_decode	cold	decode_avg_ms	94.74426880005922	OK
Qwen/Qwen3-14B	native	steady_state_decode	cold	decode_min_ms	94.60963600031391	OK
Qwen/Qwen3-14B	native	steady_state_decode	cold	decode_max_ms	95.0578130014037	OK
Qwen/Qwen3-14B	ts_safetensors_default	load_only	cold	init_ms	47792.00534099982	OK
Qwen/Qwen3-14B	ts_safetensors_default	ttft	cold	init_ms	48178.931570000714	OK
Qwen/Qwen3-14B	ts_safetensors_default	ttft	cold	first_token_ms	22.572147001483245	OK
Qwen/Qwen3-14B	ts_safetensors_default	ttft	cold	ttft_ms	48201.5037170022	OK
Qwen/Qwen3-14B	ts_safetensors_default	steady_state_decode	cold	init_ms	47397.27117200164	OK
Qwen/Qwen3-14B	ts_safetensors_default	steady_state_decode	cold	decode_avg_ms	94.21435420008493	OK
Qwen/Qwen3-14B	ts_safetensors_default	steady_state_decode	cold	decode_min_ms	94.07433800151921	OK
Qwen/Qwen3-14B	ts_safetensors_default	steady_state_decode	cold	decode_max_ms	94.57926399772987	OK
Qwen/Qwen3-14B	ts_safetensors_sync	load_only	cold	init_ms	49435.10207200234	OK
Qwen/Qwen3-14B	ts_safetensors_sync	ttft	cold	init_ms	49673.33232099918	OK
Qwen/Qwen3-14B	ts_safetensors_sync	ttft	cold	first_token_ms	22.209686998394318	OK
Qwen/Qwen3-14B	ts_safetensors_sync	ttft	cold	ttft_ms	49695.542007997574	OK
Qwen/Qwen3-14B	ts_safetensors_sync	steady_state_decode	cold	init_ms	49637.36625000092	OK
Qwen/Qwen3-14B	ts_safetensors_sync	steady_state_decode	cold	decode_avg_ms	94.54044620069908	OK
Qwen/Qwen3-14B	ts_safetensors_sync	steady_state_decode	cold	decode_min_ms	94.3858620012179	OK
Qwen/Qwen3-14B	ts_safetensors_sync	steady_state_decode	cold	decode_max_ms	94.88572500049486	OK
Qwen/Qwen3-14B	ts_safetensors_io_uring	load_only	cold	init_ms	47751.37560199801	OK
Qwen/Qwen3-14B	ts_safetensors_io_uring	ttft	cold	init_ms	48959.15458499803	OK
Qwen/Qwen3-14B	ts_safetensors_io_uring	ttft	cold	first_token_ms	22.45114900142653	OK
Qwen/Qwen3-14B	ts_safetensors_io_uring	ttft	cold	ttft_ms	48981.60573399946	OK
Qwen/Qwen3-14B	ts_safetensors_io_uring	steady_state_decode	cold	init_ms	47781.8810380013	OK
Qwen/Qwen3-14B	ts_safetensors_io_uring	steady_state_decode	cold	decode_avg_ms	94.503722400259	OK
Qwen/Qwen3-14B	ts_safetensors_io_uring	steady_state_decode	cold	decode_min_ms	94.2991890005942	OK
Qwen/Qwen3-14B	ts_safetensors_io_uring	steady_state_decode	cold	decode_max_ms	94.81678300289786	OK
Qwen/Qwen3-14B	ts_serverlessllm_default	load_only	cold	init_ms	60669.99241799931	OK
Qwen/Qwen3-14B	ts_serverlessllm_default	ttft	cold	init_ms	60503.74523299979	OK
Qwen/Qwen3-14B	ts_serverlessllm_default	ttft	cold	first_token_ms	21.91664899874013	OK
Qwen/Qwen3-14B	ts_serverlessllm_default	ttft	cold	ttft_ms	60525.66188199853	OK
Qwen/Qwen3-14B	ts_serverlessllm_default	steady_state_decode	cold	init_ms	59914.63487500005	OK
Qwen/Qwen3-14B	ts_serverlessllm_default	steady_state_decode	cold	decode_avg_ms	94.72751579960459	OK
Qwen/Qwen3-14B	ts_serverlessllm_default	steady_state_decode	cold	decode_min_ms	94.52875499846414	OK
Qwen/Qwen3-14B	ts_serverlessllm_default	steady_state_decode	cold	decode_max_ms	94.98971300126868	OK
Qwen/Qwen3-14B	ts_serverlessllm_sync	load_only	cold	init_ms	63150.92498500235	OK
Qwen/Qwen3-14B	ts_serverlessllm_sync	ttft	cold	init_ms	63038.46183800124	OK
Qwen/Qwen3-14B	ts_serverlessllm_sync	ttft	cold	first_token_ms	21.650722999766003	OK
Qwen/Qwen3-14B	ts_serverlessllm_sync	ttft	cold	ttft_ms	63060.112561001006	OK
Qwen/Qwen3-14B	ts_serverlessllm_sync	steady_state_decode	cold	init_ms	63089.94765699754	OK
Qwen/Qwen3-14B	ts_serverlessllm_sync	steady_state_decode	cold	decode_avg_ms	94.39062519959407	OK
Qwen/Qwen3-14B	ts_serverlessllm_sync	steady_state_decode	cold	decode_min_ms	94.29202300088946	OK
Qwen/Qwen3-14B	ts_serverlessllm_sync	steady_state_decode	cold	decode_max_ms	94.68235800159164	OK
Qwen/Qwen3-14B	ts_serverlessllm_io_uring	load_only	cold	init_ms	61848.752541001886	OK
Qwen/Qwen3-14B	ts_serverlessllm_io_uring	ttft	cold	init_ms	60489.990058998956	OK
Qwen/Qwen3-14B	ts_serverlessllm_io_uring	ttft	cold	first_token_ms	21.545229999901494	OK
Qwen/Qwen3-14B	ts_serverlessllm_io_uring	ttft	cold	ttft_ms	60511.53528899886	OK
Qwen/Qwen3-14B	ts_serverlessllm_io_uring	steady_state_decode	cold	init_ms	60636.846949000756	OK
Qwen/Qwen3-14B	ts_serverlessllm_io_uring	steady_state_decode	cold	decode_avg_ms	94.4736802004627	OK
Qwen/Qwen3-14B	ts_serverlessllm_io_uring	steady_state_decode	cold	decode_min_ms	94.3173889972968	OK
Qwen/Qwen3-14B	ts_serverlessllm_io_uring	steady_state_decode	cold	decode_max_ms	94.8581140000897	OK
Qwen/Qwen3-32B	native	load_only	warm	init_ms	219116.94113900012	OK
Qwen/Qwen3-32B	native	ttft	warm	init_ms	42745.1425520012	OK
Qwen/Qwen3-32B	native	ttft	warm	first_token_ms	29.83653699993738	OK
Qwen/Qwen3-32B	native	ttft	warm	ttft_ms	42774.979089001135	OK
Qwen/Qwen3-32B	native	steady_state_decode	warm	init_ms	42916.85811199932	OK
Qwen/Qwen3-32B	native	steady_state_decode	warm	decode_avg_ms	194.32393399911234	OK
Qwen/Qwen3-32B	native	steady_state_decode	warm	decode_min_ms	194.26640500023495	OK
Qwen/Qwen3-32B	native	steady_state_decode	warm	decode_max_ms	194.4807209983992	OK
Qwen/Qwen3-32B	ts_safetensors_default	load_only	warm	init_ms	84905.28877899851	OK
Qwen/Qwen3-32B	ts_safetensors_default	ttft	warm	init_ms	82959.98923099978	OK
Qwen/Qwen3-32B	ts_safetensors_default	ttft	warm	first_token_ms	30.653257002995815	OK
Qwen/Qwen3-32B	ts_safetensors_default	ttft	warm	ttft_ms	82990.64248800278	OK
Qwen/Qwen3-32B	ts_safetensors_default	steady_state_decode	warm	init_ms	82170.38003200287	OK
Qwen/Qwen3-32B	ts_safetensors_default	steady_state_decode	warm	decode_avg_ms	194.37100700015435	OK
Qwen/Qwen3-32B	ts_safetensors_default	steady_state_decode	warm	decode_min_ms	194.23198899676208	OK
Qwen/Qwen3-32B	ts_safetensors_default	steady_state_decode	warm	decode_max_ms	194.7242179994646	OK
Qwen/Qwen3-32B	ts_safetensors_sync	load_only	warm	init_ms	80687.18094500218	OK
Qwen/Qwen3-32B	ts_safetensors_sync	ttft	warm	init_ms	79187.84797899934	OK
Qwen/Qwen3-32B	ts_safetensors_sync	ttft	warm	first_token_ms	38.14979799790308	OK
Qwen/Qwen3-32B	ts_safetensors_sync	ttft	warm	ttft_ms	79225.99777699725	OK
Qwen/Qwen3-32B	ts_safetensors_sync	steady_state_decode	warm	init_ms	80553.22684199928	OK
Qwen/Qwen3-32B	ts_safetensors_sync	steady_state_decode	warm	decode_avg_ms	194.5595418001176	OK
Qwen/Qwen3-32B	ts_safetensors_sync	steady_state_decode	warm	decode_min_ms	194.41454299885663	OK
Qwen/Qwen3-32B	ts_safetensors_sync	steady_state_decode	warm	decode_max_ms	194.8663699986355	OK
Qwen/Qwen3-32B	ts_safetensors_io_uring	load_only	warm	init_ms	84329.70142299746	OK
Qwen/Qwen3-32B	ts_safetensors_io_uring	ttft	warm	init_ms	83942.51613099914	OK
Qwen/Qwen3-32B	ts_safetensors_io_uring	ttft	warm	first_token_ms	29.66422300232807	OK
Qwen/Qwen3-32B	ts_safetensors_io_uring	ttft	warm	ttft_ms	83972.18035400147	OK
Qwen/Qwen3-32B	ts_safetensors_io_uring	steady_state_decode	warm	init_ms	82908.05470399937	OK
Qwen/Qwen3-32B	ts_safetensors_io_uring	steady_state_decode	warm	decode_avg_ms	194.38142060025712	OK
Qwen/Qwen3-32B	ts_safetensors_io_uring	steady_state_decode	warm	decode_min_ms	194.28934899769956	OK
Qwen/Qwen3-32B	ts_safetensors_io_uring	steady_state_decode	warm	decode_max_ms	194.56939800147666	OK
Qwen/Qwen3-32B	ts_serverlessllm_default	load_only	warm	init_ms	114858.71632699855	OK
Qwen/Qwen3-32B	ts_serverlessllm_default	ttft	warm	init_ms	106637.97444499869	OK
Qwen/Qwen3-32B	ts_serverlessllm_default	ttft	warm	first_token_ms	29.716502998780925	OK
Qwen/Qwen3-32B	ts_serverlessllm_default	ttft	warm	ttft_ms	106667.69094799747	OK
Qwen/Qwen3-32B	ts_serverlessllm_default	steady_state_decode	warm	init_ms	107259.53224100158	OK
Qwen/Qwen3-32B	ts_serverlessllm_default	steady_state_decode	warm	decode_avg_ms	194.62338700104738	OK
Qwen/Qwen3-32B	ts_serverlessllm_default	steady_state_decode	warm	decode_min_ms	194.52236900178832	OK
Qwen/Qwen3-32B	ts_serverlessllm_default	steady_state_decode	warm	decode_max_ms	194.80406799993943	OK
Qwen/Qwen3-32B	ts_serverlessllm_sync	load_only	warm	init_ms	121691.78667199958	OK
Qwen/Qwen3-32B	ts_serverlessllm_sync	ttft	warm	init_ms	121693.9359120006	OK
Qwen/Qwen3-32B	ts_serverlessllm_sync	ttft	warm	first_token_ms	29.533715998695698	OK
Qwen/Qwen3-32B	ts_serverlessllm_sync	ttft	warm	ttft_ms	121723.4696279993	OK
Qwen/Qwen3-32B	ts_serverlessllm_sync	steady_state_decode	warm	init_ms	121028.61958500216	OK
Qwen/Qwen3-32B	ts_serverlessllm_sync	steady_state_decode	warm	decode_avg_ms	194.44079879976925	OK
Qwen/Qwen3-32B	ts_serverlessllm_sync	steady_state_decode	warm	decode_min_ms	194.37333699897863	OK
Qwen/Qwen3-32B	ts_serverlessllm_sync	steady_state_decode	warm	decode_max_ms	194.59431399809546	OK
Qwen/Qwen3-32B	ts_serverlessllm_io_uring	load_only	warm	init_ms	106818.53312699968	OK
Qwen/Qwen3-32B	ts_serverlessllm_io_uring	ttft	warm	init_ms	105407.10653199858	OK
Qwen/Qwen3-32B	ts_serverlessllm_io_uring	ttft	warm	first_token_ms	29.663834000530187	OK
Qwen/Qwen3-32B	ts_serverlessllm_io_uring	ttft	warm	ttft_ms	105436.77036599911	OK
Qwen/Qwen3-32B	ts_serverlessllm_io_uring	steady_state_decode	warm	init_ms	107824.87534699976	OK
Qwen/Qwen3-32B	ts_serverlessllm_io_uring	steady_state_decode	warm	decode_avg_ms	194.38084039938985	OK
Qwen/Qwen3-32B	ts_serverlessllm_io_uring	steady_state_decode	warm	decode_min_ms	194.1966289996344	OK
Qwen/Qwen3-32B	ts_serverlessllm_io_uring	steady_state_decode	warm	decode_max_ms	194.60818599691265	OK
Qwen/Qwen3-32B	native	load_only	cold	init_ms	169970.60327099825	OK
Qwen/Qwen3-32B	native	ttft	cold	init_ms	152184.00875800216	OK
Qwen/Qwen3-32B	native	ttft	cold	first_token_ms	35.51051400063443	OK
Qwen/Qwen3-32B	native	ttft	cold	ttft_ms	152219.5192720028	OK
Qwen/Qwen3-32B	native	steady_state_decode	cold	init_ms	148008.48223200228	OK
Qwen/Qwen3-32B	native	steady_state_decode	cold	decode_avg_ms	194.1976792011701	OK
Qwen/Qwen3-32B	native	steady_state_decode	cold	decode_min_ms	194.0725630011002	OK
Qwen/Qwen3-32B	native	steady_state_decode	cold	decode_max_ms	194.41830900177592	OK
Qwen/Qwen3-32B	ts_safetensors_default	load_only	cold	init_ms	88199.98145299905	OK
Qwen/Qwen3-32B	ts_safetensors_default	ttft	cold	init_ms	88516.18848200087	OK
Qwen/Qwen3-32B	ts_safetensors_default	ttft	cold	first_token_ms	34.584184002596885	OK
Qwen/Qwen3-32B	ts_safetensors_default	ttft	cold	ttft_ms	88550.77266600347	OK
Qwen/Qwen3-32B	ts_safetensors_default	steady_state_decode	cold	init_ms	88623.00100599896	OK
Qwen/Qwen3-32B	ts_safetensors_default	steady_state_decode	cold	decode_avg_ms	194.32412260066485	OK
Qwen/Qwen3-32B	ts_safetensors_default	steady_state_decode	cold	decode_min_ms	194.17269400219084	OK
Qwen/Qwen3-32B	ts_safetensors_default	steady_state_decode	cold	decode_max_ms	194.5219340013864	OK
Qwen/Qwen3-32B	ts_safetensors_sync	load_only	cold	init_ms	92421.39380699882	OK
Qwen/Qwen3-32B	ts_safetensors_sync	ttft	cold	init_ms	94035.3377149986	OK
Qwen/Qwen3-32B	ts_safetensors_sync	ttft	cold	first_token_ms	35.486310996930115	OK
Qwen/Qwen3-32B	ts_safetensors_sync	ttft	cold	ttft_ms	94070.82402599553	OK
Qwen/Qwen3-32B	ts_safetensors_sync	steady_state_decode	cold	init_ms	92880.51732700114	OK
Qwen/Qwen3-32B	ts_safetensors_sync	steady_state_decode	cold	decode_avg_ms	194.31903379881987	OK
Qwen/Qwen3-32B	ts_safetensors_sync	steady_state_decode	cold	decode_min_ms	194.21454099938273	OK
Qwen/Qwen3-32B	ts_safetensors_sync	steady_state_decode	cold	decode_max_ms	194.51867300085723	OK
Qwen/Qwen3-32B	ts_safetensors_io_uring	load_only	cold	init_ms	88164.00428699853	OK
Qwen/Qwen3-32B	ts_safetensors_io_uring	ttft	cold	init_ms	89258.5414669993	OK
Qwen/Qwen3-32B	ts_safetensors_io_uring	ttft	cold	first_token_ms	34.9446389991499	OK
Qwen/Qwen3-32B	ts_safetensors_io_uring	ttft	cold	ttft_ms	89293.48610599845	OK
Qwen/Qwen3-32B	ts_safetensors_io_uring	steady_state_decode	cold	init_ms	88295.29920300047	OK
Qwen/Qwen3-32B	ts_safetensors_io_uring	steady_state_decode	cold	decode_avg_ms	194.42742220053333	OK
Qwen/Qwen3-32B	ts_safetensors_io_uring	steady_state_decode	cold	decode_min_ms	194.26678200034075	OK
Qwen/Qwen3-32B	ts_safetensors_io_uring	steady_state_decode	cold	decode_max_ms	194.69267499880516	OK
Qwen/Qwen3-32B	ts_serverlessllm_default	load_only	cold	init_ms	112359.46655999942	OK
Qwen/Qwen3-32B	ts_serverlessllm_default	ttft	cold	init_ms	113022.52218300055	OK
Qwen/Qwen3-32B	ts_serverlessllm_default	ttft	cold	first_token_ms	34.99403000023449	OK
Qwen/Qwen3-32B	ts_serverlessllm_default	ttft	cold	ttft_ms	113057.51621300078	OK
Qwen/Qwen3-32B	ts_serverlessllm_default	steady_state_decode	cold	init_ms	112259.9204199978	OK
Qwen/Qwen3-32B	ts_serverlessllm_default	steady_state_decode	cold	decode_avg_ms	194.24226360060857	OK
Qwen/Qwen3-32B	ts_serverlessllm_default	steady_state_decode	cold	decode_min_ms	194.13782400079072	OK
Qwen/Qwen3-32B	ts_serverlessllm_default	steady_state_decode	cold	decode_max_ms	194.491096001002	OK
Qwen/Qwen3-32B	ts_serverlessllm_sync	load_only	cold	init_ms	124049.27714400037	OK
Qwen/Qwen3-32B	ts_serverlessllm_sync	ttft	cold	init_ms	121095.99113999866	OK
Qwen/Qwen3-32B	ts_serverlessllm_sync	ttft	cold	first_token_ms	35.12009699988994	OK
Qwen/Qwen3-32B	ts_serverlessllm_sync	ttft	cold	ttft_ms	121131.11123699855	OK
Qwen/Qwen3-32B	ts_serverlessllm_sync	steady_state_decode	cold	init_ms	120961.35768000022	OK
Qwen/Qwen3-32B	ts_serverlessllm_sync	steady_state_decode	cold	decode_avg_ms	194.27134600045974	OK
Qwen/Qwen3-32B	ts_serverlessllm_sync	steady_state_decode	cold	decode_min_ms	194.08367600044585	OK
Qwen/Qwen3-32B	ts_serverlessllm_sync	steady_state_decode	cold	decode_max_ms	194.49941999846487	OK
Qwen/Qwen3-32B	ts_serverlessllm_io_uring	load_only	cold	init_ms	111717.78109799925	OK
Qwen/Qwen3-32B	ts_serverlessllm_io_uring	ttft	cold	init_ms	112301.00376500195	OK
Qwen/Qwen3-32B	ts_serverlessllm_io_uring	ttft	cold	first_token_ms	35.09365900026751	OK
Qwen/Qwen3-32B	ts_serverlessllm_io_uring	ttft	cold	ttft_ms	112336.09742400222	OK
Qwen/Qwen3-32B	ts_serverlessllm_io_uring	steady_state_decode	cold	init_ms	112048.86622000049	OK
Qwen/Qwen3-32B	ts_serverlessllm_io_uring	steady_state_decode	cold	decode_avg_ms	194.31258339973283	OK
Qwen/Qwen3-32B	ts_serverlessllm_io_uring	steady_state_decode	cold	decode_min_ms	194.097651001357	OK
Qwen/Qwen3-32B	ts_serverlessllm_io_uring	steady_state_decode	cold	decode_max_ms	194.55662199834478	OK
